video_id,bbps,fold_group,n_lesions,frames_on_disk,positives_selected,negatives_selected,negatives_available,negatives_dropped_by_margin
2025-03-17_094605_719,7,A,1,102469,200,200,89572,600
2025-05-16_093014_695,9,A,1,48415,200,200,44574,600
2025-05-28_110348_321,8,A,1,17990,200,200,6657,600
2025-05-30_102030_811,8,A,1,12534,200,200,9073,600
2025-12-01_080328_674,9,B,1,14668,200,200,10857,600
2025-12-01_101553_631,8,B,1,15793,200,200,14352,600
2025-12-01_133935_383,9,A,1,26978,200,200,12247,600
2025-12-01_141231_211,8,B,2,27003,261,261,25141,1200
2026-05-25-225167,4,B,1,19056,200,200,17735,600
2026-05-26-225252,4,B,3,13742,600,600,6779,1800
2026-06-10_102045_991,9,A,2,18686,400,400,14724,1200
2026-06-18_051044_453,4,A,2,27006,400,400,22954,1200
2026-06-01_101053_265,8,A,6,19285,582,582,12293,1708
2026-05-29_090258_759,6,B,2,18957,231,231,17636,989
2026-06-11_080700_093,9,B,2,27005,400,400,23643,1200
