id,start,end,segment,lesion_location,size,paris,morphology,diagnosis,report,report_bbps
2025-03-17_094605_719,68820,81120,Left Colon,descending,7,Is,sessile,NICE II,This is a colonoscopy frame from a patient with a sessile adenoma polyp measuring 7 mm located in the descending colon.,Bowel preparation score BBPS is 7/9
2025-05-16_093014_695,30600,33840,Left Colon,sigmoid,4,Is,sessile,NICE II,This is a colonoscopy frame from a patient with a sessile adenoma polyp measuring 4 mm located in the sigmoid colon.,Bowel preparation score BBPS is 8/9
2025-05-28_110348_321,17040,52440,Right Colon,ascending,8,Is,sessile,NICE II,This is a colonoscopy frame from a patient with a sessile adenoma polyp measuring 8 mm located in the ascending colon.,Bowel preparation score BBPS is 2/9
2025-05-30_102030_811,19320,27900,Transverse Colon,transverse,6,Is,sessile,NICE II,This is a colonoscopy frame from a patient with a sessile adenoma polyp measuring 6 mm located in the transverse colon.,Bowel preparation score BBPS is 6/9
2025-12-01_080328_674,12960,19380,Right Colon,cecum,15,Is,sessile,NICE II,This is a colonoscopy frame from a patient with a sessile adenoma polyp measuring 15 mm located in the cecum.,Bowel preparation score BBPS is 6/9
2025-12-01_101553_631,26460,28140,Left Colon,descending,8,Is,sessile,NICE II,This is a colonoscopy frame from a patient with a sessile adenoma polyp measuring 8 mm located in the descending colon.,Bowel preparation score BBPS is 8/9
2025-12-01_133935_383,10140,38400,Right Colon,transverse,10,Is,sessile,NICE II,This is a colonoscopy frame from a patient with a sessile adenoma polyp measuring 10 mm located in the transverse colon.,Bowel preparation score BBPS is 5/9
2025-12-01_141231_211,9660,10860,Right Colon,ascending,5,Is,sessile,NICE II,This is a colonoscopy frame from a patient with a sessile adenoma polyp measuring 5 mm located in the ascending colon.,Bowel preparation score BBPS is 7/9
2025-12-01_141231_211,13980,14100,Right Colon,transverse,6,Is,sessile,NICE II,This is a colonoscopy frame from a patient with a sessile adenoma polyp measuring 6 mm located in the transverse colon.,Bowel preparation score BBPS is 7/9
2026-05-25-225167,21540,22980,Transverse Colon,transverse,6,Is,sessile,NICE II,This is a colonoscopy frame from a patient with a sessile adenoma polyp measuring 6 mm located in the transverse colon.,Bowel preparation score BBPS is 7/9
2026-05-26-225252,8820,14100,Right Colon,cecum,8,Is,sessile,NICE II,This is a colonoscopy frame from a patient with a sessile adenoma polyp measuring 8 mm located in the cecum.,Bowel preparation score BBPS is 3/9
2026-05-26-225252,15840,18000,Right Colon,ascending,4,Is,sessile,NICE I,This is a colonoscopy frame from a patient with a sessile adenoma polyp measuring 4 mm located in the ascending colon.,Bowel preparation score BBPS is 3/9
2026-05-26-225252,20160,23040,Transverse Colon,transverse,3,Is,sessile,NICE I,This is a colonoscopy frame from a patient with a sessile adenoma polyp measuring 3 mm located in the transverse colon.,Bowel preparation score BBPS is 3/9
2026-06-10_102045_991,16620,18540,Transverse Colon,transverse,10,Is,sessile,NICE II,This is a colonoscopy frame from a patient with a sessile adenoma polyp measuring 10 mm located in the transverse colon.,Bowel preparation score BBPS is 7/9
2026-06-10_102045_991,19920,23520,Left Colon,descending,7,Is,sessile,NICE II,This is a colonoscopy frame from a patient with a sessile adenoma polyp measuring 7 mm located in the descending colon.,Bowel preparation score BBPS is 7/9
2026-06-18_051044_453,16080,18780,Transverse Colon,transverse,8,Is,sessile,NICE II,This is a colonoscopy frame from a patient with a sessile adenoma polyp measuring 8 mm located in the transverse colon.,Bowel preparation score BBPS is 7/9
2026-06-18_051044_453,32280,35280,Transverse Colon,transverse,10,Is,sessile,NICE II,This is a colonoscopy frame from a patient with a sessile adenoma polyp measuring 10 mm located in the transverse colon.,Bowel preparation score BBPS is 7/9
2026-06-01_101053_265,12480,19560,Left Colon,descending,8,Is,sessile,NICE II,This is a colonoscopy frame from a patient with a sessile adenoma polyp measuring 8 mm located in the descending colon.,Bowel preparation score BBPS is 4/9
2026-06-01_101053_265,20520,20640,Transverse Colon,transverse,5,Is,sessile,NICE II,This is a colonoscopy frame from a patient with a sessile adenoma polyp measuring 5 mm located in the transverse colon.,Bowel preparation score BBPS is 4/9
2026-06-01_101053_265,20700,20940,Transverse Colon,transverse,5,Is,sessile,NICE II,This is a colonoscopy frame from a patient with a sessile adenoma polyp measuring 5 mm located in the transverse colon.,Bowel preparation score BBPS is 4/9
2026-06-01_101053_265,33240,36360,Right Colon,cecum,10,Is,sessile,NICE II,This is a colonoscopy frame from a patient with a sessile adenoma polyp measuring 10 mm located in the cecum.,Bowel preparation score BBPS is 4/9
2026-06-01_101053_265,40200,40920,Left Colon,descending,8,Is,sessile,NICE II,This is a colonoscopy frame from a patient with a sessile adenoma polyp measuring 8 mm located in the descending colon.,Bowel preparation score BBPS is 4/9
2026-06-01_101053_265,41640,41700,Left Colon,descending,5,Is,sessile,NICE II,This is a colonoscopy frame from a patient with a sessile adenoma polyp measuring 5 mm located in the descending colon.,Bowel preparation score BBPS is 4/9
2026-05-29_090258_759,28800,28860,Right Colon,ascending,5,IIa,flat,NICE I,This is a colonoscopy frame from a patient with a flat adenoma polyp measuring 5 mm located in the ascending colon.,Bowel preparation score BBPS is 7/9
2026-05-29_090258_759,29640,30240,Transverse Colon,transverse,5,Is,sessile,NICE II,This is a colonoscopy frame from a patient with a sessile adenoma polyp measuring 5 mm located in the transverse colon.,Bowel preparation score BBPS is 7/9
2026-06-11_080700_093,6900,7740,Left Colon,sigmoid,8,Is,sessile,NICE II,This is a colonoscopy frame from a patient with a sessile adenoma polyp measuring 8 mm located in the sigmoid colon.,Bowel preparation score BBPS is 5/9
2026-06-11_080700_093,25980,29460,Transverse Colon,transverse,4,Is,sessile,NICE II,This is a colonoscopy frame from a patient with a sessile adenoma polyp measuring 4 mm located in the transverse colon.,Bowel preparation score BBPS is 5/9
