epoch,batch,global_step,loss
0,1,0,7.098093032836914
0,2,1,7.03826379776001
0,3,2,7.134499549865723
0,4,3,7.271073341369629
0,5,4,7.262448787689209
0,6,5,7.253716468811035
0,7,6,7.045450210571289
0,8,7,6.986478328704834
0,9,8,6.928534507751465
0,10,9,7.127854347229004
0,11,10,7.185107707977295
0,12,11,6.951357364654541
0,13,12,7.1225905418396
0,14,13,6.946324825286865
0,15,14,7.092231750488281
0,16,15,6.979983329772949
0,17,16,6.904682159423828
0,18,17,6.98754358291626
0,19,18,7.014674186706543
0,20,19,6.856811046600342
0,21,20,6.909574031829834
0,22,21,6.817347526550293
0,23,22,6.931947231292725
0,24,23,6.759358882904053
0,25,24,6.681619644165039
0,26,25,6.909660339355469
0,27,26,6.791043281555176
0,28,27,6.623636722564697
0,29,28,6.647219657897949
0,30,29,6.67083740234375
0,31,30,6.679887294769287
0,32,31,6.693885326385498
0,33,32,6.6560235023498535
0,34,33,6.686062335968018
0,35,34,6.5808210372924805
0,36,35,6.508434295654297
0,37,36,6.391299247741699
0,38,37,6.493024826049805
0,39,38,6.291533470153809
0,40,39,6.392519474029541
0,41,40,6.469232559204102
0,42,41,6.313305854797363
0,43,42,6.2718892097473145
0,44,43,6.338036060333252
0,45,44,6.283383846282959
0,46,45,6.22006368637085
0,47,46,6.287810325622559
0,48,47,6.1790666580200195
0,49,48,6.0808210372924805
0,50,49,6.172826766967773
0,51,50,6.055039405822754
0,52,51,6.002078056335449
0,53,52,5.916647911071777
0,54,53,5.9784345626831055
0,55,54,5.898001194000244
0,56,55,5.944046497344971
0,57,56,5.8922200202941895
0,58,57,5.8103508949279785
0,59,58,5.802112579345703
0,60,59,5.768837928771973
0,61,60,5.707284927368164
0,62,61,5.66666841506958
0,63,62,5.659302711486816
0,64,63,5.622926235198975
0,65,64,5.515061855316162
0,66,65,5.631852626800537
0,67,66,5.524282932281494
0,68,67,5.551145553588867
0,69,68,5.500433444976807
0,70,69,5.455768585205078
0,71,70,5.4914374351501465
0,72,71,5.3970184326171875
0,73,72,5.430599212646484
0,74,73,5.383554458618164
0,75,74,5.345850467681885
0,76,75,5.348636150360107
0,77,76,5.279169082641602
0,78,77,5.25902795791626
0,79,78,5.216930389404297
0,80,79,5.216775894165039
0,81,80,5.2247419357299805
0,82,81,5.135535717010498
0,83,82,5.102199554443359
0,84,83,5.019318580627441
0,85,84,5.044219017028809
0,86,85,5.00169038772583
0,87,86,4.86830472946167
0,88,87,4.913203716278076
0,89,88,4.858972549438477
0,90,89,4.751689434051514
0,91,90,4.653744220733643
0,92,91,4.645476818084717
0,93,92,4.669145584106445
0,94,93,4.650643825531006
0,95,94,4.673945903778076
0,96,95,4.642010688781738
0,97,96,4.617646217346191
0,98,97,4.4999823570251465
0,99,98,4.51618766784668
0,100,99,4.441826343536377
0,101,100,4.316095352172852
0,102,101,4.2758684158325195
0,103,102,4.209905624389648
0,104,103,4.249876976013184
0,105,104,4.285251617431641
0,106,105,4.167148590087891
0,107,106,4.163557529449463
0,108,107,4.137930870056152
0,109,108,4.131032466888428
0,110,109,4.127872467041016
0,111,110,4.150218486785889
0,112,111,4.078934192657471
0,113,112,4.0501251220703125
0,114,113,3.9896719455718994
0,115,114,4.082890033721924
0,116,115,4.089416027069092
0,117,116,4.007315635681152
0,118,117,3.954775810241699
0,119,118,4.040004253387451
0,120,119,3.927959680557251
0,121,120,3.8627407550811768
0,122,121,3.9362621307373047
0,123,122,3.955094575881958
0,124,123,3.912280321121216
0,125,124,3.789886951446533
0,126,125,3.8623452186584473
0,127,126,3.8537368774414062
0,128,127,3.8260793685913086
0,129,128,3.8685011863708496
0,130,129,3.825843334197998
0,131,130,3.7757973670959473
0,132,131,3.7524280548095703
0,133,132,3.783966064453125
0,134,133,3.6740264892578125
0,135,134,3.8014092445373535
0,136,135,3.765810489654541
0,137,136,3.7283730506896973
0,138,137,3.7311177253723145
0,139,138,3.6855978965759277
0,140,139,3.67313551902771
0,141,140,3.660982608795166
0,142,141,3.6831207275390625
0,143,142,3.6673696041107178
0,144,143,3.6597042083740234
0,145,144,3.6982967853546143
0,146,145,3.684807062149048
0,147,146,3.637458086013794
0,148,147,3.6048941612243652
0,149,148,3.5689926147460938
0,150,149,3.612356424331665
0,151,150,3.5433874130249023
0,152,151,3.7068097591400146
0,153,152,3.5220417976379395
0,154,153,3.5149457454681396
0,155,154,3.655553102493286
0,156,155,3.5317697525024414
0,157,156,3.5605781078338623
0,158,157,3.4886410236358643
0,159,158,3.396761178970337
0,160,159,3.4173877239227295
0,161,160,3.4257476329803467
0,162,161,3.428331136703491
0,163,162,3.4062347412109375
0,164,163,3.3757922649383545
0,165,164,3.301337718963623
0,166,165,3.3259692192077637
0,167,166,3.3702502250671387
0,168,167,3.352083206176758
0,169,168,3.29616641998291
0,170,169,3.3134679794311523
0,171,170,3.2508599758148193
0,172,171,3.335115432739258
0,173,172,3.184295415878296
0,174,173,3.1963467597961426
0,175,174,3.307532787322998
0,176,175,3.178147792816162
0,177,176,3.2111945152282715
0,178,177,3.1893622875213623
0,179,178,3.2920725345611572
0,180,179,3.145526647567749
0,181,180,3.1151480674743652
0,182,181,3.0762734413146973
0,183,182,3.1254348754882812
0,184,183,3.1232588291168213
0,185,184,2.927746057510376
0,186,185,3.1531805992126465
0,187,186,2.9529902935028076
0,188,187,2.9591500759124756
0,189,188,2.922940492630005
0,190,189,2.8434932231903076
0,191,190,2.8423831462860107
0,192,191,2.8119735717773438
0,193,192,2.8182780742645264
0,194,193,2.8299720287323
0,195,194,2.8733437061309814
0,196,195,2.7613399028778076
0,197,196,2.8056180477142334
0,198,197,2.696610450744629
0,199,198,2.742091417312622
0,200,199,2.662463903427124
0,201,200,2.668025255203247
0,202,201,2.777301073074341
0,203,202,2.5292835235595703
0,204,203,2.4301517009735107
0,205,204,2.371090888977051
0,206,205,2.496166229248047
0,207,206,2.3571951389312744
0,208,207,2.5112175941467285
0,209,208,2.3863778114318848
0,210,209,2.212768316268921
0,211,210,2.3456032276153564
0,212,211,2.2162134647369385
0,213,212,2.240831136703491
0,214,213,2.0062336921691895
0,215,214,2.206570625305176
0,216,215,2.1052143573760986
0,217,216,2.188771963119507
0,218,217,2.0524942874908447
0,219,218,1.9276976585388184
0,220,219,2.0375993251800537
0,221,220,1.9106006622314453
0,222,221,1.8887912034988403
0,223,222,1.6551761627197266
0,224,223,1.9488619565963745
0,225,224,1.9085711240768433
0,226,225,1.9667558670043945
0,227,226,1.8300774097442627
0,228,227,1.9650548696517944
0,229,228,1.8101028203964233
0,230,229,2.0295419692993164
0,231,230,1.797670841217041
0,232,231,1.830715298652649
0,233,232,1.8294068574905396
0,234,233,1.6422204971313477
0,235,234,1.8730107545852661
0,236,235,1.8762356042861938
0,237,236,1.6347733736038208
0,238,237,1.526097059249878
0,239,238,1.7269865274429321
0,240,239,1.5911940336227417
0,241,240,1.7815308570861816
0,242,241,1.545121192932129
0,243,242,1.4886376857757568
0,244,243,1.597456932067871
0,245,244,1.5663949251174927
0,246,245,1.389776587486267
0,247,246,1.4770768880844116
0,248,247,1.3592551946640015
0,249,248,1.5174365043640137
0,250,249,1.3800363540649414
0,251,250,1.5842357873916626
0,252,251,1.4592790603637695
0,253,252,1.5014880895614624
0,254,253,1.2856580018997192
0,255,254,1.4083706140518188
0,256,255,1.4876654148101807
0,257,256,1.4251593351364136
0,258,257,1.3046009540557861
0,259,258,1.2553189992904663
0,260,259,1.5603344440460205
0,261,260,1.059827208518982
0,262,261,1.1374229192733765
0,263,262,1.404405117034912
0,264,263,1.4713032245635986
0,265,264,1.1187890768051147
0,266,265,1.0030876398086548
0,267,266,1.0637773275375366
0,268,267,1.1822679042816162
0,269,268,1.126833438873291
0,270,269,1.1772160530090332
0,271,270,1.2476047277450562
0,272,271,1.1656321287155151
0,273,272,1.5232388973236084
0,274,273,1.136505365371704
0,275,274,1.2284873723983765
0,276,275,1.1739939451217651
0,277,276,1.1002131700515747
0,278,277,1.0178148746490479
0,279,278,1.2094645500183105
0,280,279,1.0262789726257324
0,281,280,1.168898582458496
0,282,281,1.0399185419082642
0,283,282,1.1147162914276123
0,284,283,1.155906081199646
0,285,284,0.8360080122947693
0,286,285,1.0814268589019775
0,287,286,1.1052643060684204
0,288,287,0.8969969749450684
0,289,288,1.1613987684249878
0,290,289,1.025079369544983
0,291,290,1.0603491067886353
0,292,291,0.8337194919586182
0,293,292,1.078310251235962
0,294,293,0.7783107757568359
0,295,294,0.8200947642326355
0,296,295,1.0209935903549194
0,297,296,1.086454153060913
0,298,297,0.8166968822479248
0,299,298,0.9457376599311829
0,300,299,1.0086201429367065
0,301,300,0.9200742244720459
0,302,301,0.9989287853240967
0,303,302,0.9680018424987793
0,304,303,1.1303213834762573
0,305,304,1.0074595212936401
0,306,305,0.9768356084823608
0,307,306,0.9080747365951538
0,308,307,0.8247377872467041
0,309,308,0.5905429124832153
0,310,309,0.8703287243843079
0,311,310,0.8745681643486023
0,312,311,0.9673193097114563
0,313,312,0.7319372296333313
0,314,313,0.5867355465888977
0,315,314,0.713333785533905
0,316,315,0.68145751953125
0,317,316,0.9065306186676025
0,318,317,0.9243466854095459
0,319,318,0.9110476970672607
0,320,319,1.0064088106155396
0,321,320,0.8257802128791809
0,322,321,0.8353890180587769
0,323,322,0.8582081198692322
0,324,323,0.6683602333068848
0,325,324,0.7118703126907349
0,326,325,0.8128147125244141
0,327,326,0.5731163620948792
0,328,327,0.7052404284477234
0,329,328,0.8405702710151672
0,330,329,0.7525840997695923
0,331,330,0.6170955896377563
0,332,331,0.7230192422866821
0,333,332,0.7961603999137878
0,334,333,0.906480610370636
0,335,334,0.41745296120643616
0,336,335,0.6118099689483643
0,337,336,0.7084378600120544
0,338,337,0.5428649187088013
0,339,338,0.7973994612693787
0,340,339,0.8479036688804626
0,341,340,0.7585817575454712
0,342,341,0.6354863047599792
0,343,342,0.6125330924987793
0,344,343,0.5984634160995483
0,345,344,0.5685743689537048
0,346,345,0.666419506072998
0,347,346,0.3947076201438904
0,348,347,0.700844407081604
0,349,348,0.7598738670349121
0,350,349,0.6229279637336731
0,351,350,0.6517155766487122
0,352,351,0.5418820977210999
0,353,352,0.5356614589691162
0,354,353,0.49769067764282227
0,355,354,0.39697912335395813
0,356,355,0.6918635368347168
0,357,356,0.9406422972679138
0,358,357,0.4029878079891205
1,1,358,0.6838318705558777
1,2,359,0.6295135617256165
1,3,360,0.608057975769043
1,4,361,0.5119770169258118
1,5,362,0.5154309272766113
1,6,363,0.3955220878124237
1,7,364,0.6278374195098877
1,8,365,0.4872511327266693
1,9,366,0.6504752039909363
1,10,367,0.36049655079841614
1,11,368,0.5718936920166016
1,12,369,0.5144726037979126
1,13,370,0.5794849991798401
1,14,371,0.6275806427001953
1,15,372,0.471025675535202
1,16,373,0.6490203738212585
1,17,374,0.49201956391334534
1,18,375,0.5030613541603088
1,19,376,0.4737774729728699
1,20,377,0.4531905949115753
1,21,378,0.2799103260040283
1,22,379,0.5086497664451599
1,23,380,0.6006332039833069
1,24,381,0.5553169846534729
1,25,382,0.5944883227348328
1,26,383,0.35910698771476746
1,27,384,0.46348440647125244
1,28,385,0.6569165587425232
1,29,386,0.668679416179657
1,30,387,0.4586299657821655
1,31,388,0.49595189094543457
1,32,389,0.5126563310623169
1,33,390,0.6857181191444397
1,34,391,0.4849112331867218
1,35,392,0.6194478273391724
1,36,393,0.4208316206932068
1,37,394,0.47365304827690125
1,38,395,0.4728730022907257
1,39,396,0.5363143086433411
1,40,397,0.5541831254959106
1,41,398,0.42497313022613525
1,42,399,0.5090909004211426
1,43,400,0.34470173716545105
1,44,401,0.6088500022888184
1,45,402,0.34335559606552124
1,46,403,0.42504698038101196
1,47,404,0.6350650191307068
1,48,405,0.5256607532501221
1,49,406,0.35628142952919006
1,50,407,0.5079451203346252
1,51,408,0.512922465801239
1,52,409,0.4705342650413513
1,53,410,0.636332094669342
1,54,411,0.4094763696193695
1,55,412,0.4711613357067108
1,56,413,0.4310479760169983
1,57,414,0.5166879296302795
1,58,415,0.45270195603370667
1,59,416,0.3451368510723114
1,60,417,0.353914350271225
1,61,418,0.4189108610153198
1,62,419,0.40786996483802795
1,63,420,0.3138132691383362
1,64,421,0.5333160758018494
1,65,422,0.3658534586429596
1,66,423,0.4074931740760803
1,67,424,0.4681670069694519
1,68,425,0.4151228070259094
1,69,426,0.4609316289424896
1,70,427,0.5387826561927795
1,71,428,0.5038302540779114
1,72,429,0.35385367274284363
1,73,430,0.4145582616329193
1,74,431,0.38517332077026367
1,75,432,0.41517743468284607
1,76,433,0.2941563129425049
1,77,434,0.38482457399368286
1,78,435,0.468927264213562
1,79,436,0.4886748790740967
1,80,437,0.3660314083099365
1,81,438,0.4296397864818573
1,82,439,0.36672884225845337
1,83,440,0.3039409816265106
1,84,441,0.3783037066459656
1,85,442,0.42413365840911865
1,86,443,0.4151805639266968
1,87,444,0.3273714780807495
1,88,445,0.26123613119125366
1,89,446,0.4490017592906952
1,90,447,0.3020973801612854
1,91,448,0.49674636125564575
1,92,449,0.27672913670539856
1,93,450,0.4060942828655243
1,94,451,0.2640879154205322
1,95,452,0.39916253089904785
1,96,453,0.38229307532310486
1,97,454,0.3683549463748932
1,98,455,0.43043750524520874
1,99,456,0.4041109085083008
1,100,457,0.31273961067199707
1,101,458,0.49294546246528625
1,102,459,0.3870942294597626
1,103,460,0.2370534986257553
1,104,461,0.31074923276901245
1,105,462,0.3443961441516876
1,106,463,0.32725203037261963
1,107,464,0.33200109004974365
1,108,465,0.3788076639175415
1,109,466,0.37461423873901367
1,110,467,0.4637910723686218
1,111,468,0.42753294110298157
1,112,469,0.36770957708358765
1,113,470,0.29829540848731995
1,114,471,0.39137059450149536
1,115,472,0.3311379849910736
1,116,473,0.2859317362308502
1,117,474,0.412011981010437
1,118,475,0.2852059602737427
1,119,476,0.2752142548561096
1,120,477,0.31274664402008057
1,121,478,0.42678073048591614
1,122,479,0.27592843770980835
1,123,480,0.22534142434597015
1,124,481,0.31341251730918884
1,125,482,0.30401676893234253
1,126,483,0.18987061083316803
1,127,484,0.3369480073451996
1,128,485,0.3262283504009247
1,129,486,0.3076755702495575
1,130,487,0.4303136169910431
1,131,488,0.22382357716560364
1,132,489,0.2741755545139313
1,133,490,0.2987062931060791
1,134,491,0.3132034242153168
1,135,492,0.338943749666214
1,136,493,0.3004215359687805
1,137,494,0.3414041996002197
1,138,495,0.31954413652420044
1,139,496,0.32104697823524475
1,140,497,0.269640177488327
1,141,498,0.2794401943683624
1,142,499,0.2701905369758606
1,143,500,0.21255578100681305
1,144,501,0.30272334814071655
1,145,502,0.238861545920372
1,146,503,0.25670063495635986
1,147,504,0.22312666475772858
1,148,505,0.43719804286956787
1,149,506,0.31452855467796326
1,150,507,0.2204853892326355
1,151,508,0.28530317544937134
1,152,509,0.21580062806606293
1,153,510,0.2820854187011719
1,154,511,0.2240070253610611
1,155,512,0.37391647696495056
1,156,513,0.33474403619766235
1,157,514,0.28100037574768066
1,158,515,0.2995849549770355
1,159,516,0.22142107784748077
1,160,517,0.34660235047340393
1,161,518,0.2641127109527588
1,162,519,0.18759600818157196
1,163,520,0.2564393877983093
1,164,521,0.23508931696414948
1,165,522,0.2837797999382019
1,166,523,0.25427454710006714
1,167,524,0.3064623475074768
1,168,525,0.20019805431365967
1,169,526,0.2765880823135376
1,170,527,0.2733597159385681
1,171,528,0.2685684263706207
1,172,529,0.22190919518470764
1,173,530,0.2532559931278229
1,174,531,0.17860154807567596
1,175,532,0.25009098649024963
1,176,533,0.3020111620426178
1,177,534,0.2050044983625412
1,178,535,0.16812819242477417
1,179,536,0.3650336265563965
1,180,537,0.23766890168190002
1,181,538,0.2138209193944931
1,182,539,0.2773050367832184
1,183,540,0.2492205798625946
1,184,541,0.2146364003419876
1,185,542,0.2174421101808548
1,186,543,0.21579164266586304
1,187,544,0.2856319844722748
1,188,545,0.2049579918384552
1,189,546,0.2489279955625534
1,190,547,0.2517040967941284
1,191,548,0.31209924817085266
1,192,549,0.2545599341392517
1,193,550,0.24504123628139496
1,194,551,0.270770788192749
1,195,552,0.20378650724887848
1,196,553,0.2771610617637634
1,197,554,0.2498687207698822
1,198,555,0.28157758712768555
1,199,556,0.24014684557914734
1,200,557,0.2779366970062256
1,201,558,0.22068431973457336
1,202,559,0.20541758835315704
1,203,560,0.18593546748161316
1,204,561,0.22716152667999268
1,205,562,0.2865711450576782
1,206,563,0.18145117163658142
1,207,564,0.13531462848186493
1,208,565,0.27137821912765503
1,209,566,0.24320711195468903
1,210,567,0.22873279452323914
1,211,568,0.24366812407970428
1,212,569,0.15994060039520264
1,213,570,0.25898477435112
1,214,571,0.20316565036773682
1,215,572,0.3262382745742798
1,216,573,0.18778038024902344
1,217,574,0.23128217458724976
1,218,575,0.25093433260917664
1,219,576,0.1918775737285614
1,220,577,0.19523008167743683
1,221,578,0.18721434473991394
1,222,579,0.2155700922012329
1,223,580,0.21560163795948029
1,224,581,0.1589583158493042
1,225,582,0.2700696289539337
1,226,583,0.3285488784313202
1,227,584,0.24099473655223846
1,228,585,0.189210444688797
1,229,586,0.24610920250415802
1,230,587,0.22394396364688873
1,231,588,0.18106767535209656
1,232,589,0.23441502451896667
1,233,590,0.28803250193595886
1,234,591,0.18235503137111664
1,235,592,0.19524206221103668
1,236,593,0.14371931552886963
1,237,594,0.23750917613506317
1,238,595,0.23819808661937714
1,239,596,0.2229049652814865
1,240,597,0.19356070458889008
1,241,598,0.2614675462245941
1,242,599,0.22741374373435974
1,243,600,0.22138987481594086
1,244,601,0.24159692227840424
1,245,602,0.24563999474048615
1,246,603,0.27359893918037415
1,247,604,0.1934434324502945
1,248,605,0.21097588539123535
1,249,606,0.2516085207462311
1,250,607,0.1934777796268463
1,251,608,0.27084580063819885
1,252,609,0.2308453470468521
1,253,610,0.20494423806667328
1,254,611,0.2124757617712021
1,255,612,0.18425650894641876
1,256,613,0.19123569130897522
1,257,614,0.18446683883666992
1,258,615,0.2015523612499237
1,259,616,0.18855290114879608
1,260,617,0.18145227432250977
1,261,618,0.1931861937046051
1,262,619,0.16579392552375793
1,263,620,0.17746159434318542
1,264,621,0.19966168701648712
1,265,622,0.19637402892112732
1,266,623,0.21588018536567688
1,267,624,0.18505673110485077
1,268,625,0.17343823611736298
1,269,626,0.21529433131217957
1,270,627,0.22510594129562378
1,271,628,0.2197633534669876
1,272,629,0.18710801005363464
1,273,630,0.17930978536605835
1,274,631,0.20689542591571808
1,275,632,0.19371771812438965
1,276,633,0.1653175950050354
1,277,634,0.18436144292354584
1,278,635,0.1276521235704422
1,279,636,0.1645694226026535
1,280,637,0.1847023218870163
1,281,638,0.19972454011440277
1,282,639,0.17619095742702484
1,283,640,0.21189984679222107
1,284,641,0.1856858879327774
1,285,642,0.19341342151165009
1,286,643,0.2748294472694397
1,287,644,0.24334925413131714
1,288,645,0.21473051607608795
1,289,646,0.2121952474117279
1,290,647,0.2391057014465332
1,291,648,0.21947701275348663
1,292,649,0.2386239916086197
1,293,650,0.21006810665130615
1,294,651,0.21920591592788696
1,295,652,0.15614387392997742
1,296,653,0.23279578983783722
1,297,654,0.18077817559242249
1,298,655,0.20146402716636658
1,299,656,0.17200545966625214
1,300,657,0.17170704901218414
1,301,658,0.22465558350086212
1,302,659,0.15338727831840515
1,303,660,0.1655803769826889
1,304,661,0.19821462035179138
1,305,662,0.12392067909240723
1,306,663,0.2754058539867401
1,307,664,0.19048632681369781
1,308,665,0.1746860295534134
1,309,666,0.21491499245166779
1,310,667,0.17428971827030182
1,311,668,0.19741122424602509
1,312,669,0.2085479199886322
1,313,670,0.224699467420578
1,314,671,0.1541062742471695
1,315,672,0.14880506694316864
1,316,673,0.13480477035045624
1,317,674,0.232163205742836
1,318,675,0.19889876246452332
1,319,676,0.20661339163780212
1,320,677,0.2529497742652893
1,321,678,0.1856136918067932
1,322,679,0.21006512641906738
1,323,680,0.20729970932006836
1,324,681,0.11485842615365982
1,325,682,0.16079433262348175
1,326,683,0.23337119817733765
1,327,684,0.22021034359931946
1,328,685,0.1128859668970108
1,329,686,0.13600076735019684
1,330,687,0.21810773015022278
1,331,688,0.27856773138046265
1,332,689,0.2149471789598465
1,333,690,0.18149824440479279
1,334,691,0.15520848333835602
1,335,692,0.16657443344593048
1,336,693,0.11409567296504974
1,337,694,0.10788054764270782
1,338,695,0.18177111446857452
1,339,696,0.21163825690746307
1,340,697,0.17551985383033752
1,341,698,0.17521889507770538
1,342,699,0.15489976108074188
1,343,700,0.12375994771718979
1,344,701,0.20182059705257416
1,345,702,0.24491463601589203
1,346,703,0.12960244715213776
1,347,704,0.22248385846614838
1,348,705,0.15685677528381348
1,349,706,0.24271531403064728
1,350,707,0.13871656358242035
1,351,708,0.17946197092533112
1,352,709,0.19456607103347778
1,353,710,0.1804465502500534
1,354,711,0.24281743168830872
1,355,712,0.19038181006908417
1,356,713,0.20229153335094452
1,357,714,0.18268059194087982
1,358,715,0.1921517699956894
2,1,716,0.21346965432167053
2,2,717,0.19536636769771576
2,3,718,0.11967984586954117
2,4,719,0.1818823367357254
2,5,720,0.22608716785907745
2,6,721,0.18833869695663452
2,7,722,0.23124681413173676
2,8,723,0.21393431723117828
2,9,724,0.21089480817317963
2,10,725,0.16610421240329742
2,11,726,0.20845487713813782
2,12,727,0.24396593868732452
2,13,728,0.19704923033714294
2,14,729,0.20626680552959442
2,15,730,0.2144440859556198
2,16,731,0.1645147204399109
2,17,732,0.17547370493412018
2,18,733,0.14774222671985626
2,19,734,0.20574532449245453
2,20,735,0.17014256119728088
2,21,736,0.25221139192581177
2,22,737,0.2077835500240326
2,23,738,0.1785408854484558
2,24,739,0.15659691393375397
2,25,740,0.1398639678955078
2,26,741,0.18861283361911774
2,27,742,0.17458310723304749
2,28,743,0.1584259271621704
2,29,744,0.23130293190479279
2,30,745,0.18768063187599182
2,31,746,0.161847323179245
2,32,747,0.24162930250167847
2,33,748,0.23625676333904266
2,34,749,0.14146676659584045
2,35,750,0.1803366243839264
2,36,751,0.13322381675243378
2,37,752,0.17246992886066437
2,38,753,0.13823848962783813
2,39,754,0.17522428929805756
2,40,755,0.1647850126028061
2,41,756,0.1768600344657898
2,42,757,0.18727512657642365
2,43,758,0.2504939138889313
2,44,759,0.13865266740322113
2,45,760,0.2360285222530365
2,46,761,0.15248216688632965
2,47,762,0.181863471865654
2,48,763,0.17974193394184113
2,49,764,0.12812134623527527
2,50,765,0.1724681854248047
2,51,766,0.18665137887001038
2,52,767,0.1835279017686844
2,53,768,0.1795692890882492
2,54,769,0.20107725262641907
2,55,770,0.18735046684741974
2,56,771,0.14191079139709473
2,57,772,0.12586820125579834
2,58,773,0.1487448513507843
2,59,774,0.18543903529644012
2,60,775,0.20279695093631744
2,61,776,0.14458011090755463
2,62,777,0.1384257674217224
2,63,778,0.18865565955638885
2,64,779,0.10649917274713516
2,65,780,0.1911202371120453
2,66,781,0.16052189469337463
2,67,782,0.17475371062755585
2,68,783,0.19914531707763672
2,69,784,0.15229764580726624
2,70,785,0.15144775807857513
2,71,786,0.1785060465335846
2,72,787,0.2383171021938324
2,73,788,0.1777898669242859
2,74,789,0.09781205654144287
2,75,790,0.19258728623390198
2,76,791,0.2013516128063202
2,77,792,0.23343293368816376
2,78,793,0.20342719554901123
2,79,794,0.21939240396022797
2,80,795,0.1732001006603241
2,81,796,0.12388146668672562
2,82,797,0.149125337600708
2,83,798,0.11859753727912903
2,84,799,0.19484716653823853
2,85,800,0.21956755220890045
2,86,801,0.17384740710258484
2,87,802,0.20360563695430756
2,88,803,0.12675411999225616
2,89,804,0.20456349849700928
2,90,805,0.1487509310245514
2,91,806,0.17482513189315796
2,92,807,0.16371838748455048
2,93,808,0.13755658268928528
2,94,809,0.14031440019607544
2,95,810,0.15154370665550232
2,96,811,0.14065295457839966
2,97,812,0.17538252472877502
2,98,813,0.21905583143234253
2,99,814,0.16702315211296082
2,100,815,0.1642833650112152
2,101,816,0.1575073003768921
2,102,817,0.12838715314865112
2,103,818,0.16174401342868805
2,104,819,0.1801123023033142
2,105,820,0.1612253338098526
2,106,821,0.19941148161888123
2,107,822,0.22432902455329895
2,108,823,0.2364591658115387
2,109,824,0.17259293794631958
2,110,825,0.15845835208892822
2,111,826,0.19678902626037598
2,112,827,0.17352314293384552
2,113,828,0.1735316514968872
2,114,829,0.1376303881406784
2,115,830,0.20037508010864258
2,116,831,0.12183469533920288
2,117,832,0.2097427397966385
2,118,833,0.19179324805736542
2,119,834,0.13306330144405365
2,120,835,0.1414821594953537
2,121,836,0.18236924707889557
2,122,837,0.130584254860878
2,123,838,0.21571998298168182
2,124,839,0.1703338623046875
2,125,840,0.16365297138690948
2,126,841,0.15430788695812225
2,127,842,0.1282503306865692
2,128,843,0.1599889099597931
2,129,844,0.22981704771518707
2,130,845,0.13077116012573242
2,131,846,0.16664031147956848
2,132,847,0.15700073540210724
2,133,848,0.16823701560497284
2,134,849,0.1705584079027176
2,135,850,0.14426085352897644
2,136,851,0.17060130834579468
2,137,852,0.16729126870632172
2,138,853,0.15728528797626495
2,139,854,0.1799534261226654
2,140,855,0.14500737190246582
2,141,856,0.2150011509656906
2,142,857,0.16369137167930603
2,143,858,0.1792261302471161
2,144,859,0.19087859988212585
2,145,860,0.1971624195575714
2,146,861,0.1360144168138504
2,147,862,0.14177033305168152
2,148,863,0.18224351108074188
2,149,864,0.09459197521209717
2,150,865,0.17814591526985168
2,151,866,0.1281527429819107
2,152,867,0.21645507216453552
2,153,868,0.17562012374401093
2,154,869,0.16629619896411896
2,155,870,0.15856999158859253
2,156,871,0.1391727179288864
2,157,872,0.17422696948051453
2,158,873,0.11874295771121979
2,159,874,0.17269524931907654
2,160,875,0.2215450406074524
2,161,876,0.19055519998073578
2,162,877,0.18389499187469482
2,163,878,0.17439264059066772
2,164,879,0.16651985049247742
2,165,880,0.17010368406772614
2,166,881,0.0980721116065979
2,167,882,0.17770515382289886
2,168,883,0.15919849276542664
2,169,884,0.16191606223583221
2,170,885,0.21322013437747955
2,171,886,0.164170503616333
2,172,887,0.1917230486869812
2,173,888,0.16386327147483826
2,174,889,0.19124314188957214
2,175,890,0.16841520369052887
2,176,891,0.19470752775669098
2,177,892,0.18309593200683594
2,178,893,0.14459125697612762
2,179,894,0.15480969846248627
2,180,895,0.14139722287654877
2,181,896,0.12578698992729187
2,182,897,0.17681559920310974
2,183,898,0.18944862484931946
2,184,899,0.16347450017929077
2,185,900,0.11057447642087936
2,186,901,0.17035090923309326
2,187,902,0.1687600016593933
2,188,903,0.13631360232830048
2,189,904,0.14155566692352295
2,190,905,0.19268116354942322
2,191,906,0.17562733590602875
2,192,907,0.20577116310596466
2,193,908,0.1626168042421341
2,194,909,0.13555076718330383
2,195,910,0.16389504075050354
2,196,911,0.1203313022851944
2,197,912,0.1654474288225174
2,198,913,0.17924465239048004
2,199,914,0.19913055002689362
2,200,915,0.1539761871099472
2,201,916,0.18994081020355225
2,202,917,0.1923341453075409
2,203,918,0.17153003811836243
2,204,919,0.11472342163324356
2,205,920,0.15730680525302887
2,206,921,0.1956639587879181
2,207,922,0.13322566449642181
2,208,923,0.14220552146434784
2,209,924,0.18005900084972382
2,210,925,0.0905844047665596
2,211,926,0.11695406585931778
2,212,927,0.14627043902873993
2,213,928,0.16102683544158936
2,214,929,0.15544568002223969
2,215,930,0.10361344367265701
2,216,931,0.19117391109466553
2,217,932,0.16081365942955017
2,218,933,0.17651213705539703
2,219,934,0.1803264319896698
2,220,935,0.15133962035179138
2,221,936,0.13514463603496552
2,222,937,0.11384499073028564
2,223,938,0.177817240357399
2,224,939,0.13176852464675903
2,225,940,0.14283400774002075
2,226,941,0.10639893263578415
2,227,942,0.17211313545703888
2,228,943,0.1354345679283142
2,229,944,0.1592578887939453
2,230,945,0.16076397895812988
2,231,946,0.17735524475574493
2,232,947,0.10842600464820862
2,233,948,0.1945999264717102
2,234,949,0.14166106283664703
2,235,950,0.17481482028961182
2,236,951,0.15452337265014648
2,237,952,0.1863950937986374
2,238,953,0.16241970658302307
2,239,954,0.1376040279865265
2,240,955,0.13935509324073792
2,241,956,0.1988188922405243
2,242,957,0.20736952126026154
2,243,958,0.1795700192451477
2,244,959,0.1591138243675232
2,245,960,0.19403290748596191
2,246,961,0.14998763799667358
2,247,962,0.12207131832838058
2,248,963,0.10126431286334991
2,249,964,0.15045250952243805
2,250,965,0.17392495274543762
2,251,966,0.15181180834770203
2,252,967,0.19798220694065094
2,253,968,0.1663443148136139
2,254,969,0.138669952750206
2,255,970,0.14881595969200134
2,256,971,0.1605217307806015
2,257,972,0.11465875059366226
2,258,973,0.1874701976776123
2,259,974,0.14709354937076569
2,260,975,0.17459078133106232
2,261,976,0.1833113729953766
2,262,977,0.17636637389659882
2,263,978,0.1786632239818573
2,264,979,0.1548796445131302
2,265,980,0.12783513963222504
2,266,981,0.17318302392959595
2,267,982,0.1532200127840042
2,268,983,0.1924622356891632
2,269,984,0.15508964657783508
2,270,985,0.12064407020807266
2,271,986,0.13625919818878174
2,272,987,0.1257684975862503
2,273,988,0.13109000027179718
2,274,989,0.15011677145957947
2,275,990,0.15921255946159363
2,276,991,0.13399598002433777
2,277,992,0.1725497841835022
2,278,993,0.17400188744068146
2,279,994,0.1496099978685379
2,280,995,0.15554480254650116
2,281,996,0.18948854506015778
2,282,997,0.1531137377023697
2,283,998,0.15651236474514008
2,284,999,0.1745777577161789
2,285,1000,0.13552872836589813
2,286,1001,0.1656585931777954
2,287,1002,0.157697856426239
2,288,1003,0.1678468883037567
2,289,1004,0.1456642746925354
2,290,1005,0.16513454914093018
2,291,1006,0.11409216374158859
2,292,1007,0.2197633534669876
2,293,1008,0.1892307698726654
2,294,1009,0.13637728989124298
2,295,1010,0.18168476223945618
2,296,1011,0.16563357412815094
2,297,1012,0.13936848938465118
2,298,1013,0.17031370103359222
2,299,1014,0.1836458444595337
2,300,1015,0.11057039350271225
2,301,1016,0.13795405626296997
2,302,1017,0.16822771728038788
2,303,1018,0.2054353654384613
2,304,1019,0.21965187788009644
2,305,1020,0.1835387498140335
2,306,1021,0.14308419823646545
2,307,1022,0.13797898590564728
2,308,1023,0.18003205955028534
2,309,1024,0.19544009864330292
2,310,1025,0.16363342106342316
2,311,1026,0.18540184199810028
2,312,1027,0.10979428142309189
2,313,1028,0.0835009217262268
2,314,1029,0.1477387696504593
2,315,1030,0.1559864729642868
2,316,1031,0.1660110205411911
2,317,1032,0.13559463620185852
2,318,1033,0.18159577250480652
2,319,1034,0.161214679479599
2,320,1035,0.14163926243782043
2,321,1036,0.16365230083465576
2,322,1037,0.12122659385204315
2,323,1038,0.1567172259092331
2,324,1039,0.10817860811948776
2,325,1040,0.13896742463111877
2,326,1041,0.17270779609680176
2,327,1042,0.1493736058473587
2,328,1043,0.11395257711410522
2,329,1044,0.204864040017128
2,330,1045,0.1819460391998291
2,331,1046,0.11632198095321655
2,332,1047,0.14723855257034302
2,333,1048,0.1288946568965912
2,334,1049,0.18609492480754852
2,335,1050,0.1165984719991684
2,336,1051,0.17619383335113525
2,337,1052,0.1494060456752777
2,338,1053,0.14221933484077454
2,339,1054,0.13590680062770844
2,340,1055,0.20203877985477448
2,341,1056,0.142966628074646
2,342,1057,0.13585658371448517
2,343,1058,0.22719857096672058
2,344,1059,0.1556149572134018
2,345,1060,0.12671494483947754
2,346,1061,0.11232058703899384
2,347,1062,0.1485697627067566
2,348,1063,0.13156159222126007
2,349,1064,0.16489222645759583
2,350,1065,0.18213362991809845
2,351,1066,0.16667045652866364
2,352,1067,0.18495069444179535
2,353,1068,0.16300331056118011
2,354,1069,0.1914159655570984
2,355,1070,0.18147070705890656
2,356,1071,0.19196265935897827
2,357,1072,0.14210167527198792
2,358,1073,0.1570863276720047
3,1,1074,0.13157087564468384
3,2,1075,0.13795918226242065
3,3,1076,0.1464795172214508
3,4,1077,0.18620409071445465
3,5,1078,0.16482101380825043
3,6,1079,0.1579522341489792
3,7,1080,0.13903652131557465
3,8,1081,0.172928586602211
3,9,1082,0.1751859486103058
3,10,1083,0.15458685159683228
3,11,1084,0.14730103313922882
3,12,1085,0.13787327706813812
3,13,1086,0.1289719194173813
3,14,1087,0.20233069360256195
3,15,1088,0.16106019914150238
3,16,1089,0.16819854080677032
3,17,1090,0.1395752876996994
3,18,1091,0.17108555138111115
3,19,1092,0.14256930351257324
3,20,1093,0.1322554498910904
3,21,1094,0.14936305582523346
3,22,1095,0.12113513052463531
3,23,1096,0.129421204328537
3,24,1097,0.1411692351102829
3,25,1098,0.15998108685016632
3,26,1099,0.17958685755729675
3,27,1100,0.13802765309810638
3,28,1101,0.14806252717971802
3,29,1102,0.14550010859966278
3,30,1103,0.13184306025505066
3,31,1104,0.15141385793685913
3,32,1105,0.1754664182662964
3,33,1106,0.14984092116355896
3,34,1107,0.19882170855998993
3,35,1108,0.15017183125019073
3,36,1109,0.10376474261283875
3,37,1110,0.16207334399223328
3,38,1111,0.13610346615314484
3,39,1112,0.159762442111969
3,40,1113,0.12931615114212036
3,41,1114,0.09952520579099655
3,42,1115,0.17139123380184174
3,43,1116,0.15845125913619995
3,44,1117,0.19075511395931244
3,45,1118,0.16900497674942017
3,46,1119,0.14169129729270935
3,47,1120,0.1307341605424881
3,48,1121,0.14018970727920532
3,49,1122,0.1466657817363739
3,50,1123,0.1282006949186325
3,51,1124,0.11513219773769379
3,52,1125,0.19335104525089264
3,53,1126,0.12882347404956818
3,54,1127,0.14619162678718567
3,55,1128,0.11145247519016266
3,56,1129,0.238165020942688
3,57,1130,0.19031360745429993
3,58,1131,0.14333301782608032
3,59,1132,0.16942603886127472
3,60,1133,0.19547507166862488
3,61,1134,0.13193218410015106
3,62,1135,0.14678047597408295
3,63,1136,0.14245279133319855
3,64,1137,0.17366449534893036
3,65,1138,0.15573841333389282
3,66,1139,0.1466713845729828
3,67,1140,0.14720751345157623
3,68,1141,0.14971959590911865
3,69,1142,0.12944453954696655
3,70,1143,0.16669270396232605
3,71,1144,0.15991686284542084
3,72,1145,0.15164318680763245
3,73,1146,0.08522182703018188
3,74,1147,0.12054070830345154
3,75,1148,0.15468966960906982
3,76,1149,0.16121380031108856
3,77,1150,0.16958624124526978
3,78,1151,0.1637684404850006
3,79,1152,0.11818075180053711
3,80,1153,0.13485722243785858
3,81,1154,0.15583862364292145
3,82,1155,0.15081509947776794
3,83,1156,0.10814858973026276
3,84,1157,0.1219666600227356
3,85,1158,0.14542299509048462
3,86,1159,0.10896743834018707
3,87,1160,0.11354465037584305
3,88,1161,0.09521589428186417
3,89,1162,0.16805030405521393
3,90,1163,0.12841388583183289
3,91,1164,0.11694474518299103
3,92,1165,0.14240899682044983
3,93,1166,0.14634555578231812
3,94,1167,0.12376787513494492
3,95,1168,0.19283939898014069
3,96,1169,0.1830809861421585
3,97,1170,0.14692619442939758
3,98,1171,0.14952687919139862
3,99,1172,0.1442396193742752
3,100,1173,0.15475161373615265
3,101,1174,0.18061454594135284
3,102,1175,0.17836734652519226
3,103,1176,0.15641647577285767
3,104,1177,0.18346157670021057
3,105,1178,0.16498316824436188
3,106,1179,0.11988642811775208
3,107,1180,0.1680411696434021
3,108,1181,0.1684083789587021
3,109,1182,0.16427606344223022
3,110,1183,0.13386860489845276
3,111,1184,0.15443937480449677
3,112,1185,0.11470940709114075
3,113,1186,0.15667730569839478
3,114,1187,0.11097961664199829
3,115,1188,0.17724762856960297
3,116,1189,0.1432902067899704
3,117,1190,0.13044176995754242
3,118,1191,0.1564033329486847
3,119,1192,0.17056533694267273
3,120,1193,0.1890852004289627
3,121,1194,0.1144319623708725
3,122,1195,0.1317867487668991
3,123,1196,0.1320071816444397
3,124,1197,0.1764560043811798
3,125,1198,0.12839862704277039
3,126,1199,0.14444203674793243
3,127,1200,0.1331000179052353
3,128,1201,0.129095196723938
3,129,1202,0.13481763005256653
3,130,1203,0.12129554152488708
3,131,1204,0.1339094638824463
3,132,1205,0.15178683400154114
3,133,1206,0.13223391771316528
3,134,1207,0.16509397327899933
3,135,1208,0.15198765695095062
3,136,1209,0.13461977243423462
3,137,1210,0.09337549656629562
3,138,1211,0.16935142874717712
3,139,1212,0.16063444316387177
3,140,1213,0.0785481333732605
3,141,1214,0.16107313334941864
3,142,1215,0.17147625982761383
3,143,1216,0.14060701429843903
3,144,1217,0.16557779908180237
3,145,1218,0.14392736554145813
3,146,1219,0.17120270431041718
3,147,1220,0.1648934930562973
3,148,1221,0.15555280447006226
3,149,1222,0.16604003310203552
3,150,1223,0.07890200614929199
3,151,1224,0.1291620135307312
3,152,1225,0.16985610127449036
3,153,1226,0.11637047678232193
3,154,1227,0.10982480645179749
3,155,1228,0.1455630660057068
3,156,1229,0.1676120162010193
3,157,1230,0.16106905043125153
3,158,1231,0.09859826415777206
3,159,1232,0.13769066333770752
3,160,1233,0.1525125950574875
3,161,1234,0.11773976683616638
3,162,1235,0.12306005507707596
3,163,1236,0.1023411750793457
3,164,1237,0.1341024935245514
3,165,1238,0.12936550378799438
3,166,1239,0.10952460765838623
3,167,1240,0.16618221998214722
3,168,1241,0.09803207218647003
3,169,1242,0.10494519025087357
3,170,1243,0.16018587350845337
3,171,1244,0.12599211931228638
3,172,1245,0.1853126436471939
3,173,1246,0.13167373836040497
3,174,1247,0.1457774043083191
3,175,1248,0.14174728095531464
3,176,1249,0.15748023986816406
3,177,1250,0.1273786425590515
3,178,1251,0.12773054838180542
3,179,1252,0.09347124397754669
3,180,1253,0.15082170069217682
3,181,1254,0.14280779659748077
3,182,1255,0.1353931576013565
3,183,1256,0.14642708003520966
3,184,1257,0.0967378094792366
3,185,1258,0.2248740792274475
3,186,1259,0.13557851314544678
3,187,1260,0.1578700691461563
3,188,1261,0.1380005031824112
3,189,1262,0.12505735456943512
3,190,1263,0.15899570286273956
3,191,1264,0.14288832247257233
3,192,1265,0.10882548987865448
3,193,1266,0.15740220248699188
3,194,1267,0.12466515600681305
3,195,1268,0.18963523209095
3,196,1269,0.16148164868354797
3,197,1270,0.16576920449733734
3,198,1271,0.13534413278102875
3,199,1272,0.13688455522060394
3,200,1273,0.13405881822109222
3,201,1274,0.09042845666408539
3,202,1275,0.16257718205451965
3,203,1276,0.1133875623345375
3,204,1277,0.146900475025177
3,205,1278,0.11937174201011658
3,206,1279,0.11587505787611008
3,207,1280,0.15848232805728912
3,208,1281,0.1655762493610382
3,209,1282,0.1450585424900055
3,210,1283,0.1359615921974182
3,211,1284,0.11934293061494827
3,212,1285,0.16849170625209808
3,213,1286,0.1279095560312271
3,214,1287,0.1349179446697235
3,215,1288,0.17890267074108124
3,216,1289,0.1595464050769806
3,217,1290,0.14388099312782288
3,218,1291,0.11757589876651764
3,219,1292,0.11765045672655106
3,220,1293,0.17069922387599945
3,221,1294,0.1510055512189865
3,222,1295,0.10581216216087341
3,223,1296,0.12109173089265823
3,224,1297,0.16047966480255127
3,225,1298,0.0996813103556633
3,226,1299,0.15065869688987732
3,227,1300,0.11872625350952148
3,228,1301,0.137674480676651
3,229,1302,0.10234013199806213
3,230,1303,0.14954906702041626
3,231,1304,0.12297961115837097
3,232,1305,0.13509155809879303
3,233,1306,0.16765257716178894
3,234,1307,0.1615288257598877
3,235,1308,0.1080877035856247
3,236,1309,0.10337767004966736
3,237,1310,0.1222286969423294
3,238,1311,0.12362392246723175
3,239,1312,0.1668105125427246
3,240,1313,0.12340514361858368
3,241,1314,0.17016254365444183
3,242,1315,0.14727753400802612
3,243,1316,0.16624747216701508
3,244,1317,0.14477364718914032
3,245,1318,0.17040914297103882
3,246,1319,0.16088128089904785
3,247,1320,0.16604597866535187
3,248,1321,0.14464443922042847
3,249,1322,0.14357693493366241
3,250,1323,0.17456568777561188
3,251,1324,0.1505977064371109
3,252,1325,0.152682363986969
3,253,1326,0.1250261813402176
3,254,1327,0.17219224572181702
3,255,1328,0.1502665877342224
3,256,1329,0.14671437442302704
3,257,1330,0.16764222085475922
3,258,1331,0.18010710179805756
3,259,1332,0.14379285275936127
3,260,1333,0.15324415266513824
3,261,1334,0.168356254696846
3,262,1335,0.16537286341190338
3,263,1336,0.13561953604221344
3,264,1337,0.17566396296024323
3,265,1338,0.09951082617044449
3,266,1339,0.12549929320812225
3,267,1340,0.09573095291852951
3,268,1341,0.1381741464138031
3,269,1342,0.13638299703598022
3,270,1343,0.1613927036523819
3,271,1344,0.1447991579771042
3,272,1345,0.13493908941745758
3,273,1346,0.12304561585187912
3,274,1347,0.18717844784259796
3,275,1348,0.1073632538318634
3,276,1349,0.12343242019414902
3,277,1350,0.16760128736495972
3,278,1351,0.13783478736877441
3,279,1352,0.11409765481948853
3,280,1353,0.14092811942100525
3,281,1354,0.13355225324630737
3,282,1355,0.12870290875434875
3,283,1356,0.15346290171146393
3,284,1357,0.15364982187747955
3,285,1358,0.1574249118566513
3,286,1359,0.08990611135959625
3,287,1360,0.10270032286643982
3,288,1361,0.14834217727184296
3,289,1362,0.1283530294895172
3,290,1363,0.1239800825715065
3,291,1364,0.12243935465812683
3,292,1365,0.15355731546878815
3,293,1366,0.19917161762714386
3,294,1367,0.10977432876825333
3,295,1368,0.1298147588968277
3,296,1369,0.14769458770751953
3,297,1370,0.17148442566394806
3,298,1371,0.14245933294296265
3,299,1372,0.12033155560493469
3,300,1373,0.14463764429092407
3,301,1374,0.15661954879760742
3,302,1375,0.08188159763813019
3,303,1376,0.1751505434513092
3,304,1377,0.14317478239536285
3,305,1378,0.1697366088628769
3,306,1379,0.13283148407936096
3,307,1380,0.134904146194458
3,308,1381,0.09728704392910004
3,309,1382,0.10719487816095352
3,310,1383,0.11016302555799484
3,311,1384,0.11720891296863556
3,312,1385,0.15527567267417908
3,313,1386,0.11810632050037384
3,314,1387,0.15248209238052368
3,315,1388,0.15000899136066437
3,316,1389,0.19079186022281647
3,317,1390,0.1657179445028305
3,318,1391,0.1854286938905716
3,319,1392,0.09772138297557831
3,320,1393,0.13006016612052917
3,321,1394,0.16250376403331757
3,322,1395,0.1256568431854248
3,323,1396,0.1464395672082901
3,324,1397,0.128232941031456
3,325,1398,0.15657643973827362
3,326,1399,0.16735193133354187
3,327,1400,0.16883789002895355
3,328,1401,0.12092709541320801
3,329,1402,0.11271477490663528
3,330,1403,0.16746647655963898
3,331,1404,0.13351890444755554
3,332,1405,0.09095193445682526
3,333,1406,0.1391366422176361
3,334,1407,0.16452617943286896
3,335,1408,0.14129997789859772
3,336,1409,0.11970153450965881
3,337,1410,0.1531105786561966
3,338,1411,0.18184040486812592
3,339,1412,0.15010382235050201
3,340,1413,0.12063911557197571
3,341,1414,0.10906004905700684
3,342,1415,0.18206484615802765
3,343,1416,0.11871648579835892
3,344,1417,0.18980440497398376
3,345,1418,0.1176467165350914
3,346,1419,0.12903998792171478
3,347,1420,0.14804087579250336
3,348,1421,0.15359434485435486
3,349,1422,0.17991477251052856
3,350,1423,0.10217566043138504
3,351,1424,0.08281387388706207
3,352,1425,0.1460188925266266
3,353,1426,0.1757824420928955
3,354,1427,0.1479746550321579
3,355,1428,0.14091579616069794
3,356,1429,0.13337457180023193
3,357,1430,0.147426038980484
3,358,1431,0.15658974647521973
4,1,1432,0.14218322932720184
4,2,1433,0.15684691071510315
4,3,1434,0.17150023579597473
4,4,1435,0.13751564919948578
4,5,1436,0.16288258135318756
4,6,1437,0.11512614786624908
4,7,1438,0.13990600407123566
4,8,1439,0.11911825090646744
4,9,1440,0.1258365660905838
4,10,1441,0.13509029150009155
4,11,1442,0.12159319221973419
4,12,1443,0.14501014351844788
4,13,1444,0.15994971990585327
4,14,1445,0.12158934772014618
4,15,1446,0.13716353476047516
4,16,1447,0.12278316915035248
4,17,1448,0.1162143424153328
4,18,1449,0.16560353338718414
4,19,1450,0.14816376566886902
4,20,1451,0.10632167011499405
4,21,1452,0.1299963891506195
4,22,1453,0.15430337190628052
4,23,1454,0.16895754635334015
4,24,1455,0.11580277234315872
4,25,1456,0.13839547336101532
4,26,1457,0.14000701904296875
4,27,1458,0.12797366082668304
4,28,1459,0.16520166397094727
4,29,1460,0.15012873709201813
4,30,1461,0.1518036276102066
4,31,1462,0.16756579279899597
4,32,1463,0.1306689977645874
4,33,1464,0.1462578922510147
4,34,1465,0.1708490401506424
4,35,1466,0.1327403038740158
4,36,1467,0.14133736491203308
4,37,1468,0.15270942449569702
4,38,1469,0.17420780658721924
4,39,1470,0.09774923324584961
4,40,1471,0.1026974767446518
4,41,1472,0.1438545286655426
4,42,1473,0.15878990292549133
4,43,1474,0.16137830913066864
4,44,1475,0.11385051906108856
4,45,1476,0.10293020308017731
4,46,1477,0.10881289094686508
4,47,1478,0.10469023138284683
4,48,1479,0.17336425185203552
4,49,1480,0.168528750538826
4,50,1481,0.16825219988822937
4,51,1482,0.10830533504486084
4,52,1483,0.11155232042074203
4,53,1484,0.1587180346250534
4,54,1485,0.14549854397773743
4,55,1486,0.13263636827468872
4,56,1487,0.12698772549629211
4,57,1488,0.11191211640834808
4,58,1489,0.12319937348365784
4,59,1490,0.15889225900173187
4,60,1491,0.11167453229427338
4,61,1492,0.10934961587190628
4,62,1493,0.1738429218530655
4,63,1494,0.11625396460294724
4,64,1495,0.17225636541843414
4,65,1496,0.1314649134874344
4,66,1497,0.15835419297218323
4,67,1498,0.1687507927417755
4,68,1499,0.12122809141874313
4,69,1500,0.08249609172344208
4,70,1501,0.16117790341377258
4,71,1502,0.16681377589702606
4,72,1503,0.11711040139198303
4,73,1504,0.1553010195493698
4,74,1505,0.1680285632610321
4,75,1506,0.17294129729270935
4,76,1507,0.12162604182958603
4,77,1508,0.1442793607711792
4,78,1509,0.10510888695716858
4,79,1510,0.10651111602783203
4,80,1511,0.09264498949050903
4,81,1512,0.0974370688199997
4,82,1513,0.08500994741916656
4,83,1514,0.12341799587011337
4,84,1515,0.11977405101060867
4,85,1516,0.1261012703180313
4,86,1517,0.12797901034355164
4,87,1518,0.1282709836959839
4,88,1519,0.13563700020313263
4,89,1520,0.11736679077148438
4,90,1521,0.1100500300526619
4,91,1522,0.09729719161987305
4,92,1523,0.16616672277450562
4,93,1524,0.1022847518324852
4,94,1525,0.1693156659603119
4,95,1526,0.09022779762744904
4,96,1527,0.1275680661201477
4,97,1528,0.13432596623897552
4,98,1529,0.16668416559696198
4,99,1530,0.18125830590724945
4,100,1531,0.15210865437984467
4,101,1532,0.10873059183359146
4,102,1533,0.14773601293563843
4,103,1534,0.14422132074832916
4,104,1535,0.15592780709266663
4,105,1536,0.0926557332277298
4,106,1537,0.14770840108394623
4,107,1538,0.13763979077339172
4,108,1539,0.1417766660451889
4,109,1540,0.1380804032087326
4,110,1541,0.1098751500248909
4,111,1542,0.12267719954252243
4,112,1543,0.14558038115501404
4,113,1544,0.1137649342417717
4,114,1545,0.11984167248010635
4,115,1546,0.09183771908283234
4,116,1547,0.15246103703975677
4,117,1548,0.13991384208202362
4,118,1549,0.16804850101470947
4,119,1550,0.12031625956296921
4,120,1551,0.08684954047203064
4,121,1552,0.14241139590740204
4,122,1553,0.12699832022190094
4,123,1554,0.16004417836666107
4,124,1555,0.12623122334480286
4,125,1556,0.12843915820121765
4,126,1557,0.12588895857334137
4,127,1558,0.1494651585817337
4,128,1559,0.1304156333208084
4,129,1560,0.08191407471895218
4,130,1561,0.14068694412708282
4,131,1562,0.10576751083135605
4,132,1563,0.0808243677020073
4,133,1564,0.1367880403995514
4,134,1565,0.1136138066649437
4,135,1566,0.12959931790828705
4,136,1567,0.1141609400510788
4,137,1568,0.13818144798278809
4,138,1569,0.15103933215141296
4,139,1570,0.14226603507995605
4,140,1571,0.09027402102947235
4,141,1572,0.1472478210926056
4,142,1573,0.12180313467979431
4,143,1574,0.1482210010290146
4,144,1575,0.11633922159671783
4,145,1576,0.11872847378253937
4,146,1577,0.14105936884880066
4,147,1578,0.178169384598732
4,148,1579,0.14488674700260162
4,149,1580,0.12358629703521729
4,150,1581,0.13063277304172516
4,151,1582,0.1451648771762848
4,152,1583,0.14958186447620392
4,153,1584,0.07672962546348572
4,154,1585,0.12627623975276947
4,155,1586,0.11231569945812225
4,156,1587,0.12690839171409607
4,157,1588,0.14355476200580597
4,158,1589,0.14450281858444214
4,159,1590,0.17911115288734436
4,160,1591,0.14213263988494873
4,161,1592,0.15370027720928192
4,162,1593,0.17238934338092804
4,163,1594,0.11880195885896683
4,164,1595,0.1266428530216217
4,165,1596,0.13929763436317444
4,166,1597,0.15184500813484192
4,167,1598,0.11074446886777878
4,168,1599,0.142120823264122
4,169,1600,0.128844752907753
4,170,1601,0.15386131405830383
4,171,1602,0.11560855805873871
4,172,1603,0.13754428923130035
4,173,1604,0.12718917429447174
4,174,1605,0.12477580457925797
4,175,1606,0.12056954950094223
4,176,1607,0.08323302865028381
4,177,1608,0.15614686906337738
4,178,1609,0.06155569106340408
4,179,1610,0.1871626228094101
4,180,1611,0.11810978502035141
4,181,1612,0.15927062928676605
4,182,1613,0.1484287679195404
4,183,1614,0.17123688757419586
4,184,1615,0.11090744286775589
4,185,1616,0.08996301144361496
4,186,1617,0.11976339668035507
4,187,1618,0.15782740712165833
4,188,1619,0.1640588492155075
4,189,1620,0.149672269821167
4,190,1621,0.11563537269830704
4,191,1622,0.19154608249664307
4,192,1623,0.13123604655265808
4,193,1624,0.20458438992500305
4,194,1625,0.13118742406368256
4,195,1626,0.129817396402359
4,196,1627,0.16105936467647552
4,197,1628,0.19193600118160248
4,198,1629,0.11563272774219513
4,199,1630,0.10948331654071808
4,200,1631,0.11909318715333939
4,201,1632,0.11163546144962311
4,202,1633,0.1483742743730545
4,203,1634,0.13649290800094604
4,204,1635,0.1717764288187027
4,205,1636,0.1442393660545349
4,206,1637,0.10398056358098984
4,207,1638,0.15169164538383484
4,208,1639,0.1060299426317215
4,209,1640,0.10107308626174927
4,210,1641,0.0893620029091835
4,211,1642,0.1322644054889679
4,212,1643,0.2058229297399521
4,213,1644,0.11803725361824036
4,214,1645,0.11141315847635269
4,215,1646,0.12673494219779968
4,216,1647,0.13654756546020508
4,217,1648,0.11690813302993774
4,218,1649,0.11030146479606628
4,219,1650,0.13898709416389465
4,220,1651,0.14693166315555573
4,221,1652,0.15179161727428436
4,222,1653,0.1663530468940735
4,223,1654,0.14169670641422272
4,224,1655,0.14621350169181824
4,225,1656,0.09551350772380829
4,226,1657,0.133818119764328
4,227,1658,0.1221429705619812
4,228,1659,0.14307169616222382
4,229,1660,0.12446654587984085
4,230,1661,0.15275482833385468
4,231,1662,0.13139718770980835
4,232,1663,0.13437095284461975
4,233,1664,0.17997734248638153
4,234,1665,0.12069377303123474
4,235,1666,0.14367219805717468
4,236,1667,0.1388217806816101
4,237,1668,0.1569972187280655
4,238,1669,0.16414053738117218
4,239,1670,0.12780630588531494
4,240,1671,0.16834957897663116
4,241,1672,0.14954808354377747
4,242,1673,0.1645568609237671
4,243,1674,0.12805138528347015
4,244,1675,0.13363395631313324
4,245,1676,0.15805867314338684
4,246,1677,0.1412351131439209
4,247,1678,0.16756722331047058
4,248,1679,0.11698305606842041
4,249,1680,0.13125909864902496
4,250,1681,0.15722841024398804
4,251,1682,0.11839113384485245
4,252,1683,0.16512249410152435
4,253,1684,0.10976727306842804
4,254,1685,0.12370092421770096
4,255,1686,0.13644066452980042
4,256,1687,0.1343824416399002
4,257,1688,0.10965029150247574
4,258,1689,0.13172267377376556
4,259,1690,0.11199631541967392
4,260,1691,0.10812880098819733
4,261,1692,0.12129946798086166
4,262,1693,0.08726245909929276
4,263,1694,0.16835364699363708
4,264,1695,0.15167629718780518
4,265,1696,0.1126958355307579
4,266,1697,0.12416438013315201
4,267,1698,0.11544694751501083
4,268,1699,0.16573657095432281
4,269,1700,0.15048782527446747
4,270,1701,0.11633240431547165
4,271,1702,0.1428808569908142
4,272,1703,0.10494879633188248
4,273,1704,0.15021160244941711
4,274,1705,0.1314564049243927
4,275,1706,0.10150521993637085
4,276,1707,0.10821199417114258
4,277,1708,0.13322533667087555
4,278,1709,0.11762814968824387
4,279,1710,0.10593215376138687
4,280,1711,0.12917770445346832
4,281,1712,0.12209485471248627
4,282,1713,0.1462038904428482
4,283,1714,0.10029676556587219
4,284,1715,0.16780143976211548
4,285,1716,0.10115209966897964
4,286,1717,0.14219394326210022
4,287,1718,0.12082144618034363
4,288,1719,0.10852102935314178
4,289,1720,0.14938069880008698
4,290,1721,0.1480388045310974
4,291,1722,0.1191411018371582
4,292,1723,0.10772420465946198
4,293,1724,0.11505702137947083
4,294,1725,0.12973980605602264
4,295,1726,0.15366244316101074
4,296,1727,0.10215403884649277
4,297,1728,0.15891991555690765
4,298,1729,0.133100688457489
4,299,1730,0.11738543957471848
4,300,1731,0.1229381188750267
4,301,1732,0.121512770652771
4,302,1733,0.1076643243432045
4,303,1734,0.12925557792186737
4,304,1735,0.11561627686023712
4,305,1736,0.06992561370134354
4,306,1737,0.15394358336925507
4,307,1738,0.12607808411121368
4,308,1739,0.14756233990192413
4,309,1740,0.13397134840488434
4,310,1741,0.11812469363212585
4,311,1742,0.1607740819454193
4,312,1743,0.12526750564575195
4,313,1744,0.12819260358810425
4,314,1745,0.14232516288757324
4,315,1746,0.11866216361522675
4,316,1747,0.14945051074028015
4,317,1748,0.14380359649658203
4,318,1749,0.12896397709846497
4,319,1750,0.12181808799505234
4,320,1751,0.10187739878892899
4,321,1752,0.07724874466657639
4,322,1753,0.09414912760257721
4,323,1754,0.11978060007095337
4,324,1755,0.12479307502508163
4,325,1756,0.12631258368492126
4,326,1757,0.15563279390335083
4,327,1758,0.12632246315479279
4,328,1759,0.11222377419471741
4,329,1760,0.20984290540218353
4,330,1761,0.1288711130619049
4,331,1762,0.09667985886335373
4,332,1763,0.1295979768037796
4,333,1764,0.14440275728702545
4,334,1765,0.16141095757484436
4,335,1766,0.1241489127278328
4,336,1767,0.11462285369634628
4,337,1768,0.12834316492080688
4,338,1769,0.16104690730571747
4,339,1770,0.1295662373304367
4,340,1771,0.11240468174219131
4,341,1772,0.10268154740333557
4,342,1773,0.11360729485750198
4,343,1774,0.13900594413280487
4,344,1775,0.12140703201293945
4,345,1776,0.13543426990509033
4,346,1777,0.1045474261045456
4,347,1778,0.12164905667304993
4,348,1779,0.12523150444030762
4,349,1780,0.09124184399843216
4,350,1781,0.08517845720052719
4,351,1782,0.13662998378276825
4,352,1783,0.12470008432865143
4,353,1784,0.1053231731057167
4,354,1785,0.13583900034427643
4,355,1786,0.1442038118839264
4,356,1787,0.12533067166805267
4,357,1788,0.13108015060424805
4,358,1789,0.11944471299648285
5,1,1790,0.1414426863193512
5,2,1791,0.1005522608757019
5,3,1792,0.10618425160646439
5,4,1793,0.09005662053823471
5,5,1794,0.15216130018234253
5,6,1795,0.1380232572555542
5,7,1796,0.09242355823516846
5,8,1797,0.13490557670593262
5,9,1798,0.09721081703901291
5,10,1799,0.1364210546016693
5,11,1800,0.11520849913358688
5,12,1801,0.14273890852928162
5,13,1802,0.13434676826000214
5,14,1803,0.13142366707324982
5,15,1804,0.09498116374015808
5,16,1805,0.11050623655319214
5,17,1806,0.12249958515167236
5,18,1807,0.146964892745018
5,19,1808,0.1492529660463333
5,20,1809,0.1221756562590599
5,21,1810,0.15152601897716522
5,22,1811,0.11764390766620636
5,23,1812,0.11486596614122391
5,24,1813,0.07779991626739502
5,25,1814,0.11462295055389404
5,26,1815,0.16632495820522308
5,27,1816,0.061883360147476196
5,28,1817,0.1541474610567093
5,29,1818,0.124888576567173
5,30,1819,0.09905243664979935
5,31,1820,0.1526051014661789
5,32,1821,0.11590587347745895
5,33,1822,0.1276036500930786
5,34,1823,0.0835799127817154
5,35,1824,0.16170258820056915
5,36,1825,0.10998329520225525
5,37,1826,0.15288102626800537
5,38,1827,0.0888521745800972
5,39,1828,0.11184597760438919
5,40,1829,0.0979786217212677
5,41,1830,0.09846897423267365
5,42,1831,0.10142378509044647
5,43,1832,0.1395571231842041
5,44,1833,0.11094605922698975
5,45,1834,0.11310231685638428
5,46,1835,0.15823547542095184
5,47,1836,0.1212804913520813
5,48,1837,0.0937446802854538
5,49,1838,0.13679230213165283
5,50,1839,0.12186390161514282
5,51,1840,0.15739353001117706
5,52,1841,0.1397419273853302
5,53,1842,0.12402798980474472
5,54,1843,0.13581371307373047
5,55,1844,0.10867291688919067
5,56,1845,0.1305035650730133
5,57,1846,0.1256420910358429
5,58,1847,0.11036564409732819
5,59,1848,0.09910501539707184
5,60,1849,0.12109976261854172
5,61,1850,0.15089324116706848
5,62,1851,0.15911196172237396
5,63,1852,0.11471293121576309
5,64,1853,0.1027291938662529
5,65,1854,0.14000099897384644
5,66,1855,0.1355864256620407
5,67,1856,0.15420715510845184
5,68,1857,0.12839925289154053
5,69,1858,0.14297489821910858
5,70,1859,0.12175679951906204
5,71,1860,0.11703238636255264
5,72,1861,0.11950215697288513
5,73,1862,0.1340482234954834
5,74,1863,0.14042092859745026
5,75,1864,0.07114798575639725
5,76,1865,0.12936562299728394
5,77,1866,0.11341669410467148
5,78,1867,0.09217100590467453
5,79,1868,0.12771178781986237
5,80,1869,0.1199377179145813
5,81,1870,0.1414061039686203
5,82,1871,0.13531358540058136
5,83,1872,0.1281823366880417
5,84,1873,0.1310621052980423
5,85,1874,0.13478735089302063
5,86,1875,0.15591786801815033
5,87,1876,0.1223539412021637
5,88,1877,0.11365867406129837
5,89,1878,0.11873829364776611
5,90,1879,0.14413794875144958
5,91,1880,0.12979145348072052
5,92,1881,0.09314046055078506
5,93,1882,0.09051460027694702
5,94,1883,0.08758517354726791
5,95,1884,0.10384516417980194
5,96,1885,0.10497529059648514
5,97,1886,0.08720338344573975
5,98,1887,0.13446705043315887
5,99,1888,0.11761453002691269
5,100,1889,0.15112051367759705
5,101,1890,0.11146033555269241
5,102,1891,0.11014634370803833
5,103,1892,0.14962098002433777
5,104,1893,0.1582261323928833
5,105,1894,0.14533890783786774
5,106,1895,0.1140691414475441
5,107,1896,0.11929931491613388
5,108,1897,0.11600708961486816
5,109,1898,0.12400021404027939
5,110,1899,0.12773029506206512
5,111,1900,0.13102668523788452
5,112,1901,0.16013798117637634
5,113,1902,0.16720344126224518
5,114,1903,0.14723458886146545
5,115,1904,0.13825996220111847
5,116,1905,0.10214491188526154
5,117,1906,0.15868349373340607
5,118,1907,0.14485196769237518
5,119,1908,0.1034412756562233
5,120,1909,0.16620346903800964
5,121,1910,0.09443255513906479
5,122,1911,0.1156168058514595
5,123,1912,0.12712562084197998
5,124,1913,0.14016464352607727
5,125,1914,0.1085626557469368
5,126,1915,0.14927679300308228
5,127,1916,0.16226083040237427
5,128,1917,0.11379250884056091
5,129,1918,0.10379938781261444
5,130,1919,0.10788773000240326
5,131,1920,0.17638416588306427
5,132,1921,0.18689045310020447
5,133,1922,0.14980022609233856
5,134,1923,0.13780748844146729
5,135,1924,0.09626446664333344
5,136,1925,0.17144960165023804
5,137,1926,0.1299610733985901
5,138,1927,0.10830431431531906
5,139,1928,0.11448297649621964
5,140,1929,0.15911275148391724
5,141,1930,0.14270558953285217
5,142,1931,0.10811086744070053
5,143,1932,0.1276206225156784
5,144,1933,0.11466808617115021
5,145,1934,0.12043262273073196
5,146,1935,0.11010289192199707
5,147,1936,0.1855943202972412
5,148,1937,0.10840459913015366
5,149,1938,0.11793092638254166
5,150,1939,0.13547995686531067
5,151,1940,0.18164502084255219
5,152,1941,0.13340815901756287
5,153,1942,0.12283702939748764
5,154,1943,0.14440280199050903
5,155,1944,0.10828912258148193
5,156,1945,0.14854012429714203
5,157,1946,0.17445692420005798
5,158,1947,0.13634292781352997
5,159,1948,0.13702785968780518
5,160,1949,0.11387075483798981
5,161,1950,0.1133311316370964
5,162,1951,0.11644537001848221
5,163,1952,0.08345015347003937
5,164,1953,0.14046725630760193
5,165,1954,0.1736915558576584
5,166,1955,0.14545844495296478
5,167,1956,0.15581060945987701
5,168,1957,0.1386999487876892
5,169,1958,0.13725267350673676
5,170,1959,0.10605593025684357
5,171,1960,0.11998407542705536
5,172,1961,0.13269345462322235
5,173,1962,0.1492672562599182
5,174,1963,0.118356853723526
5,175,1964,0.10247208923101425
5,176,1965,0.14948999881744385
5,177,1966,0.12347383052110672
5,178,1967,0.11465633660554886
5,179,1968,0.1471654623746872
5,180,1969,0.15859118103981018
5,181,1970,0.15387104451656342
5,182,1971,0.11027302592992783
5,183,1972,0.11815662682056427
5,184,1973,0.13937996327877045
5,185,1974,0.08871764689683914
5,186,1975,0.09920961409807205
5,187,1976,0.1192760244011879
5,188,1977,0.13820576667785645
5,189,1978,0.11290264874696732
5,190,1979,0.12132090330123901
5,191,1980,0.16439631581306458
5,192,1981,0.1379462033510208
5,193,1982,0.14469709992408752
5,194,1983,0.10406294465065002
5,195,1984,0.16891475021839142
5,196,1985,0.17928221821784973
5,197,1986,0.11383748799562454
5,198,1987,0.15525317192077637
5,199,1988,0.15162509679794312
5,200,1989,0.10265138745307922
5,201,1990,0.12115591764450073
5,202,1991,0.14039501547813416
5,203,1992,0.09216722100973129
5,204,1993,0.11513589322566986
5,205,1994,0.12576887011528015
5,206,1995,0.09759078174829483
5,207,1996,0.10840995609760284
5,208,1997,0.10377711802721024
5,209,1998,0.12554863095283508
5,210,1999,0.13891851902008057
5,211,2000,0.10587241500616074
5,212,2001,0.11797783523797989
5,213,2002,0.09766364842653275
5,214,2003,0.0846058800816536
5,215,2004,0.133256196975708
5,216,2005,0.12374863028526306
5,217,2006,0.1379803717136383
5,218,2007,0.11949684470891953
5,219,2008,0.10894612967967987
5,220,2009,0.1245097666978836
5,221,2010,0.14984190464019775
5,222,2011,0.14918527007102966
5,223,2012,0.1566370725631714
5,224,2013,0.10062757134437561
5,225,2014,0.11958805471658707
5,226,2015,0.1200241968035698
5,227,2016,0.13749073445796967
5,228,2017,0.14020465314388275
5,229,2018,0.12045878916978836
5,230,2019,0.14373935759067535
5,231,2020,0.10138252377510071
5,232,2021,0.1060991883277893
5,233,2022,0.11232948303222656
5,234,2023,0.1301882266998291
5,235,2024,0.13892240822315216
5,236,2025,0.11549728363752365
5,237,2026,0.1593700796365738
5,238,2027,0.13555194437503815
5,239,2028,0.10169094800949097
5,240,2029,0.13037468492984772
5,241,2030,0.12158619612455368
5,242,2031,0.1290518343448639
5,243,2032,0.11683666706085205
5,244,2033,0.13638563454151154
5,245,2034,0.08814193308353424
5,246,2035,0.1171509250998497
5,247,2036,0.13902819156646729
5,248,2037,0.1319042444229126
5,249,2038,0.14236143231391907
5,250,2039,0.09886838495731354
5,251,2040,0.16547153890132904
5,252,2041,0.10402274131774902
5,253,2042,0.12692539393901825
5,254,2043,0.12769588828086853
5,255,2044,0.12976698577404022
5,256,2045,0.13598045706748962
5,257,2046,0.10129860043525696
5,258,2047,0.0688478872179985
5,259,2048,0.13788530230522156
5,260,2049,0.15396347641944885
5,261,2050,0.11690747737884521
5,262,2051,0.16275684535503387
5,263,2052,0.13421109318733215
5,264,2053,0.11982917785644531
5,265,2054,0.10488344728946686
5,266,2055,0.10856569558382034
5,267,2056,0.12752188742160797
5,268,2057,0.15286381542682648
5,269,2058,0.19738373160362244
5,270,2059,0.1483868807554245
5,271,2060,0.09080058336257935
5,272,2061,0.17207425832748413
5,273,2062,0.14596866071224213
5,274,2063,0.11940040439367294
5,275,2064,0.13111689686775208
5,276,2065,0.08239004760980606
5,277,2066,0.151656374335289
5,278,2067,0.10630130767822266
5,279,2068,0.12715233862400055
5,280,2069,0.1344035416841507
5,281,2070,0.12516240775585175
5,282,2071,0.14995504915714264
5,283,2072,0.09489176422357559
5,284,2073,0.15626171231269836
5,285,2074,0.17354682087898254
5,286,2075,0.13900917768478394
5,287,2076,0.07951666414737701
5,288,2077,0.140278622508049
5,289,2078,0.11839413642883301
5,290,2079,0.11949225515127182
5,291,2080,0.12109484523534775
5,292,2081,0.09782083332538605
5,293,2082,0.14569205045700073
5,294,2083,0.12373189628124237
5,295,2084,0.15641990303993225
5,296,2085,0.13561543822288513
5,297,2086,0.09417125582695007
5,298,2087,0.10339083522558212
5,299,2088,0.11066486686468124
5,300,2089,0.0946849137544632
5,301,2090,0.11976373195648193
5,302,2091,0.11638946086168289
5,303,2092,0.14340825378894806
5,304,2093,0.10872810333967209
5,305,2094,0.13315388560295105
5,306,2095,0.11312156915664673
5,307,2096,0.1287708729505539
5,308,2097,0.13330240547657013
5,309,2098,0.11885781586170197
5,310,2099,0.11059422045946121
5,311,2100,0.11388789862394333
5,312,2101,0.1075802594423294
5,313,2102,0.12854410707950592
5,314,2103,0.11842676252126694
5,315,2104,0.15187634527683258
5,316,2105,0.09485206007957458
5,317,2106,0.12172409147024155
5,318,2107,0.11932486295700073
5,319,2108,0.1254778802394867
5,320,2109,0.13757939636707306
5,321,2110,0.1252143532037735
5,322,2111,0.13981875777244568
5,323,2112,0.12370207160711288
5,324,2113,0.09229259938001633
5,325,2114,0.11675098538398743
5,326,2115,0.15257923305034637
5,327,2116,0.12437766045331955
5,328,2117,0.11610396206378937
5,329,2118,0.09393149614334106
5,330,2119,0.11294904351234436
5,331,2120,0.13839299976825714
5,332,2121,0.11617276072502136
5,333,2122,0.1264735460281372
5,334,2123,0.1429959535598755
5,335,2124,0.14820021390914917
5,336,2125,0.11671871691942215
5,337,2126,0.11449522525072098
5,338,2127,0.09138873964548111
5,339,2128,0.09158596396446228
5,340,2129,0.0943056270480156
5,341,2130,0.12298986315727234
5,342,2131,0.10024072229862213
5,343,2132,0.15948444604873657
5,344,2133,0.1178571954369545
5,345,2134,0.14226582646369934
5,346,2135,0.11301878094673157
5,347,2136,0.0962267518043518
5,348,2137,0.12110920995473862
5,349,2138,0.11901074647903442
5,350,2139,0.11805399507284164
5,351,2140,0.106107197701931
5,352,2141,0.08981847018003464
5,353,2142,0.09715390205383301
5,354,2143,0.1204906553030014
5,355,2144,0.1010732427239418
5,356,2145,0.16322357952594757
5,357,2146,0.0900716558098793
5,358,2147,0.0949995368719101
